choicesName,value,label::fr,label::en,label_one::fr,label_one::en,spreadChoicesName,conditional,hidden
yes,yes,Oui,Yes,,,,,
no,no,Non,No,,,,,
other,other,Autre (spécifiez),Other (specify),,,,,
otherWithoutSpecify,other,Autre,Other,,,,,
dontKnow,dontKnow,Je ne sais pas,I don't know,,,,,
preferNotToAnswer,preferNotToAnswer,Je préfère ne pas répondre,I prefer not to answer,,,,,
yesNo,,,,,,yes,,
yesNo,,,,,,no,,
yesNoDontKnow,,,,,,yesNo,,
yesNoDontKnow,,,,,,dontKnow,,
yesNoPreferNotToAnswer,,,,,,yes,,
yesNoPreferNotToAnswer,,,,,,no,,
yesNoPreferNotToAnswer,,,,,,preferNotToAnswer,,
maleFemalePreferNotAnswer,female,Femme,Female,,,,,
maleFemalePreferNotAnswer,male,Homme,Male,,,,,
maleFemalePreferNotAnswer,,,,,,preferNotToAnswer,,
maleFemaleCustomPreferNotToAnswer,female,Femme,Woman,,,,,
maleFemaleCustomPreferNotToAnswer,male,Homme,Man,,,,,
maleFemaleCustomPreferNotToAnswer,custom,Cette personne s'identifie comme:,This person identifies as:,,,,,
maleFemaleCustomPreferNotToAnswer,,,,,,preferNotToAnswer,,
participationStatusWorker,fullTime,"Oui, à temps plein (30h et plus/semaine)","Yes, full time (30h and more/week)",,,,,
participationStatusWorker,partTime,"Oui, à temps partiel (moins de 30h/semaine)","Yes, part time (less than 30h/week)",,,,,
participationStatusWorker,,,,,,no,,
participationStatusStudent,fullTime,"Oui, à temps plein","Yes, full time",,,,,
participationStatusStudent,partTime,"Oui, à temps partiel","Yes, part time",,,,,
participationStatusStudent,,,,,,no,,
schoolType,kindergarten,Garderie/CPE,Kindergarten/Childcare/CPE,,,,ifAge5OrLessConditional,
schoolType,primarySchool,École primaire,Primary school,,,,ifAge4to13Conditional,
schoolType,secondarySchool,École secondaire,Secondary school,,,,ifAge11OrMoreConditional,
schoolType,schoolAtHome,École à la maison,School at home,,,,ifAge4to15Conditional,
schoolType,atHome,À la maison,At home,,,,ifAge5OrLessConditional,
schoolType,collegeCegepDepAep,CEGEP / Collège / DEP / AEP,CEGEP / College / DEP / AEP,,,,ifAge15OrMoreConditional,
schoolType,,,,,,other,,
personOccupation,fullTimeWorker,Travail à temps plein (30h et plus/semaine),Employed full-time (30h and more/week),,,,,True
personOccupation,partTimeWorker,Travail à temps partiel (moins de 30h/semaine),Employed part-time (less than 30h/week),,,,,True
personOccupation,workerAndStudent,Travail et études,Work and studies,,,,,True
personOccupation,fullTimeStudent,Études à temps plein,Full-time student,,,,,True
personOccupation,partTimeStudent,Études à temps partiel,Part-time student,,,,,True
personOccupation,retired,À la retraite,Retired,,,,ifAge40OrMoreConditional,
personOccupation,atHome,À la maison,At home,,,,,
personOccupation,unemployed,En chômage / en recherche d'emploi,Unemployed / searching for a job,,,,,
personOccupation,parentalOrSickLeave,Congé de maladie ou congé parental,Sick leave or parental leave,,,,,
personOccupation,longTermDisability,Invalidité de longue durée,Long-term disability,,,,,
personOccupation,volunteer,Bénévole,Volunteer,,,,,
personOccupation,other,Autre,Other,,,,,
personOccupation,preferNotToAnswer,Préfère ne pas répondre,Prefer not to answer,,,,,
transitFareType,,,,,,no,,
transitFareType,transitPass,Passe ou titre mensuel ou annuel,Monthly or annual pass,,,,,
transitFareType,tickets,Titres ou billets individuels,Individual tickets or rides,,,,,
transitFareType,,,,,,dontKnow,,
workPlaceTypeChoices,onLocation,"Oui, travail au lieu fixe en présentiel en tout temps","Yes, always on-site at fixed location",,,,,
workPlaceTypeChoices,hybrid,"Oui, travail en mode hybride (télétravail et en présentiel)","Yes, hybrid work (remote and on-site)",,,,,
workPlaceTypeChoices,onTheRoadWithUsualPlace,"Oui, travail sur la route avec départ d'un lieu fixe (ex: garage, bureau, poste, restaurant, etc.)","Yes, work on the road departing from a fixed location (ex: garage, office, station, restaurant, etc.)",,,,,
workPlaceTypeChoices,onTheRoadWithoutUsualPlace,"Non, travail sur la route avec départ du domicile","No, work on the road departing from home",,,,,
workPlaceTypeChoices,remote,"Non, travail à partir du domicile ou à distance","No, work from home or from elsewhere",,,,,
schoolPlaceTypeChoices,onLocation,"Oui, études au lieu fixe en présentiel en tout temps","Yes, always on-site at fixed location",,,,,
schoolPlaceTypeChoices,hybrid,"Oui, études en mode hybride (télé-études et en présentiel)","Yes, hybrid studies (remote and on-site)",,,,,
schoolPlaceTypeChoices,remote,"Non, études à partir du domicile ou à distance","No, remote studies from home or from elsewhere",,,,,
longDistanceFrequencyChoices,00_00,Jamais (0),Never (0),,,,,
longDistanceFrequencyChoices,01_03,Quelques fois durant la période (1 à 3),A few times during the period (1 to 3),,,,,
longDistanceFrequencyChoices,04_12,Quelques fois par mois (4 à 12),A few times a month (4 to 12),,,,,
longDistanceFrequencyChoices,13_99,Une à plusieurs fois par semaine (13 ou plus),One to several times a week (13 or more),,,,,
householdIncomeChoices,000000_014999,Moins de 15 000 $,"Less than $15,000",,,,,
householdIncomeChoices,015000_029999,15 000 $ à 29 999 $,"$15,000 to $29,999",,,,,
householdIncomeChoices,030000_044999,30 000 $ à 44 999 $,"$30,000 to $44,999",,,,,
householdIncomeChoices,045000_059999,45 000 $ à 59 999 $,"$45,000 to $59,999",,,,,
householdIncomeChoices,060000_079999,60 000 $ à 79 999 $,"$60,000 to $79,999",,,,,
householdIncomeChoices,080000_099999,80 000 $ à 99 999 $,"$80,000 to $99,999",,,,,
householdIncomeChoices,100000_149999,100 000 $ à 149 999 $,"$100,000 to $149,999",,,,,
householdIncomeChoices,150000_199999,150 000 $ à 199 999 $,"$150,000 to $199,999",,,,,
householdIncomeChoices,200000_999999,200 000 $ et plus,"$200,000 and more",,,,,
householdIncomeChoices,dontKnow,Je ne sais pas,I don’t know,,,,,
householdIncomeChoices,refusal,Je préfère ne pas répondre,I prefer not to answer,,,,,
householdOwnershipChoices,tenant,Locataire,Tenant,,,,,
householdOwnershipChoices,owner,Propriétaire,Owner,,,,,
householdOwnershipChoices,other,Autre,Other,,,,,
householdOwnershipChoices,preferNotToAnswer,Je préfère ne pas répondre,I prefer not to respond,,,,,
departurePlaceOtherChoices,otherParentHome,**Domicile de l'autre parent ou tuteur**,**Home of the other parent or guardian**,,,,ifAge16OrLessConditional,
departurePlaceOtherChoices,workedOvernight,**Travaillait de nuit**,**Worked overnight**,,,,isWorkerConditional,
departurePlaceOtherChoices,secondaryHome,**Résidence secondaire** (chalet ou autre),**Secondary residence** (cottage or other),,,,,
departurePlaceOtherChoices,sleptAtFriends,"Passait la nuit chez **ami, copine/copain ou famille**","Stayed at a **friend’s, partner’s or family’s home**",,,,,
departurePlaceOtherChoices,restaurant,Était à un ou revenait d'un **restaurant ou bar**,Was at or was coming back from a **restaurant or bar**,,,,,
departurePlaceOtherChoices,hotelForWork,Hôtel ou autre lieu pour une **conférence / travail**,Hotel or other venue for **a conference / work**,,,,isWorkerConditional,
departurePlaceOtherChoices,hotelForVacation,Hôtel ou autre lieu en **vacances**,Hotel or other on **vacation**,,,,,
departurePlaceOtherChoices,studying,**Écoles / lieu d’études**: terminait des travaux ou y couchait,**School / place of study**: studied or slept there,,,,isStudentConditional,
departurePlaceOtherChoices,other,Autre,Other,,,,,
onTheRoadArrivalTypeChoices,home,Domicile,Home,,,,,
onTheRoadArrivalTypeChoices,usualWorkPlace,Lieu de travail habituel,Usual work place,,,,onTheRoadUsualWorkplace,
onTheRoadArrivalTypeChoices,other,Autre lieu,Other location,,,,,
onTheRoadArrivalTypeChoices,stayedThereUntilTheNextDay,{{nickname}} a complété ses déplacements sur la route après 4:00 du matin le lendemain,{{nickname}} completed {{gender:his/her/their/their}} work on the road trips after 4AM the next day,J'ai complété mes déplacements sur la route après 4:00 du matin le lendemain,I completed my work on the road trips after 4AM the next day,,isLastPlaceCustomConditional,
onDemandChoices,pickupAtOrigin,"Oui, il est venu chercher {{nickname}} à son lieu de départ","Yes, it picked {{nickname}} up at their departure location","Oui, il est venu me chercher à mon lieu de départ","Yes, it picked me up at my departure location",,,
onDemandChoices,joinedStop,"Oui, {{nickname}} a rejoint un arrêt","Yes, {{nickname}} went to a stop","Oui, j'ai rejoint un arrêt","Yes, I went to a stop",,,
onDemandChoices,no,Non,No,,,,,
noWorkTripReasonChoices,remoteWorkOrWorkAtHome,Télétravail / travail à la maison,Remote work / work from home,,,,,
noWorkTripReasonChoices,onStrike,En grève,On strike,,,,,
noWorkTripReasonChoices,leaveSicknessPersonalReason,"Congé (maladie, personnel, autre)","Leave (sick, personal, other)",,,,,
noWorkTripReasonChoices,noWork,Pas de travail prévu,No work planned,,,,,
noWorkTripReasonChoices,,,,,,otherWithoutSpecify,,
noWorkTripReasonChoices,,,,,,dontKnow,,
noSchoolTripReasonChoices,distanceLearning,Cours à distance,Distance learning,,,,,
noSchoolTripReasonChoices,schoolWasClosed,École fermée,School was closed,,,,,
noSchoolTripReasonChoices,leaveSicknessPersonalReason,"Congé (maladie, personnel, autre)","Leave (sick, personal, other)",,,,,
noSchoolTripReasonChoices,noSchool,Pas de cours,No classes,,,,,
noSchoolTripReasonChoices,,,,,,otherWithoutSpecify,,
noSchoolTripReasonChoices,,,,,,dontKnow,,
educationalAttainment,noneOrPrimaryEducation,"Aucun certificat, diplôme ou degré","No certificate, diploma or degree",,,,,
educationalAttainment,secondaryEducation,Diplôme d'études secondaires ou attestation d'équivalence,High school (secondary) diploma or equivalency certificate,,,,,
educationalAttainment,postSecondaryNonTertiaryEducation,Diplôme d'apprenti ou d'une école de métiers,Apprenticeship or trades certificate or diploma,,,,,
educationalAttainment,shortCycleTertiaryEducation,Diplôme d'un cégep ou collège,"College, CEGEP or other non-university certificate or diploma",,,,,
educationalAttainment,diplomaBelowBachelor,Certificat ou diplôme universitaire inférieur au baccalauréat,University certificate or diploma below bachelor level,,,,,
educationalAttainment,bachelorOrHigher,Certificat ou diplôme universitaire niveau baccalauréat ou supérieur,Bachelor's degree or higher,,,,,
educationalAttainment,,,,,,preferNotToAnswer,,
workPlaceBeforeLeaveTypeChoices,onLocation,"Oui, {{nickname}} travaillait au lieu fixe en présentiel en tout temps","Yes, {{nickname}} worked always on-site at fixed location","Oui, je travaillais au lieu fixe en présentiel en tout temps","Yes, I worked always on-site at fixed location",,,
workPlaceBeforeLeaveTypeChoices,hybrid,"Oui, {{nickname}} travaillait en mode hybride (télétravail et en présentiel)","Yes, {{nickname}} did hybrid work (remote and on-site)","Oui, je travaillais en mode hybride (télétravail et en présentiel)","Yes, I did hybrid work (remote and on-site)",,,
workPlaceBeforeLeaveTypeChoices,onTheRoadWithUsualPlace,"Oui, {{nickname}} travaillait sur la route avec départ d'un lieu fixe (ex: garage, bureau, poste, restaurant, etc.)","Yes, {{nickname}} worked on the road departing from a fixed location (ex: garage, office, station, restaurant, etc.)","Oui, je travaillais sur la route avec départ d'un lieu fixe (ex: garage, bureau, poste, restaurant, etc.)","Yes, I worked on the road departing from a fixed location (ex: garage, office, station, restaurant, etc.)",,,
workPlaceBeforeLeaveTypeChoices,onTheRoadWithoutUsualPlace,"Non, {{nickname}} travaillait sur la route avec départ du domicile","No, {{nickname}} worked on the road departing from home","Non, je travaillais sur la route avec départ du domicile","No, I worked on the road departing from home",,,
workPlaceBeforeLeaveTypeChoices,remote,"Non, {{nickname}} travaillait à partir du domicile ou à distance","No, {{nickname}} worked from home or from elsewhere","Non, je travaillais à partir du domicile ou à distance","No, I worked from home or from elsewhere",,,
vehicleOccupancyExtraChoices,dontKnow,Je ne sais pas,I don’t know,,,,isProxyCustomConditional,
